{"cameraMode":{"drawMode":0,"name":"Shaded","section":"Shading Mode"},"sceneLighting":true,"audioPlay":false,"sceneViewState":{"m_AlwaysRefresh":false,"showFog":true,"showSkybox":true,"showFlares":true,"showImageEffects":true,"showParticleSystems":true,"showVisualEffectGraphs":true,"m_FxEnabled":true},"in2DMode":false,"pivot":{"x":-0.2496713399887085,"y":6.282077789306641,"z":-7.770484924316406},"rotation":{"x":-0.2131619155406952,"y":0.004979785531759262,"z":-0.0010769651271402836,"w":-0.9770123958587647},"size":33.162757873535159,"orthographic":false}